{"epoch": 0, "_timestamp": 1701335017.0656831, "_runtime": 2.1675100326538086, "_step": 0, "_wandb": {"runtime": 80}}